Date,Filled_Date
,
,
,
,
,
,
,
,
,
,
,
,
,
,
,
,
,
,
,
,
,
,
,
,
,
,
,
,
,
,
,
,
,
,
,
,
,
,
,
,
,
,
,
,
,
,
,
,
,
,
,
,
,
,
,
,
,
,
,
,
,
,
,
,
,
,
,
,
,
,
,
,
,
,
,
,
,
,
,
,
,
,
,
,
,
,
,
,
,
,
,
,
,
,
,
,
,
,
,
,
,
,
,
,
,
,
,
,
,
,
,
,
,
,
,
,
,
,
,
,
,
,
,
,
,
,
,
,
,
,
,
,
,
,
,
,
,
,
,
,
,
,
,
,
,
,
,
,
,
,
,
,
,
,
,
,
,
,
,
,
,
,
,
,
,
,
,
,
,
,
,
,
,
,
,
,
,
,
,
,
,
,
,
,
,
,
,
,
,
,
,
,
,
,
,
,
,
,
,
,
,
,
,
,
,
,
,
,
,
,
,
,
,
,
,
,
,
,
,
,
,
,
,
,
,
,
,
,
,
,
,
,
,
,
,
,
,
,
,
,
,
,
,
,
,
,
,
,
,
,
,
,
,
,
,
,
,
,
,
,
,
,
,
,
,
,
,
,
,
,
,
,
,
,
,
,
,
,
,
,
,
,
,
,
,
,
,
,
,
,
,
,
,
,
,
,
,
,
,
,
,
,
,
,
,
01-01-2020,01-01-2020
01-02-2019,01-02-2019
01-02-2020,01-02-2020
01-03-2019,01-03-2019
01-03-2020,01-03-2020
01-04-2019,01-04-2019
01-04-2020,01-04-2020
01-05-2019,01-05-2019
01-05-2020,01-05-2020
01-06-2019,01-06-2019
01-07-2019,01-07-2019
01-08-2019,01-08-2019
01-09-2019,01-09-2019
01-10-2019,01-10-2019
01-11-2019,01-11-2019
01-12-2019,01-12-2019
02-01-2020,02-01-2020
02-02-2019,02-02-2019
02-02-2020,02-02-2020
02-03-2019,02-03-2019
02-03-2020,02-03-2020
02-04-2019,02-04-2019
02-04-2020,02-04-2020
02-05-2019,02-05-2019
02-05-2020,02-05-2020
02-06-2019,02-06-2019
02-07-2019,02-07-2019
02-08-2019,02-08-2019
02-09-2019,02-09-2019
02-10-2019,02-10-2019
02-11-2019,02-11-2019
02-12-2019,02-12-2019
03-01-2020,03-01-2020
03-02-2019,03-02-2019
03-02-2020,03-02-2020
03-03-2019,03-03-2019
03-03-2020,03-03-2020
03-04-2019,03-04-2019
03-04-2020,03-04-2020
03-05-2019,03-05-2019
03-05-2020,03-05-2020
03-06-2019,03-06-2019
03-07-2019,03-07-2019
03-08-2019,03-08-2019
03-09-2019,03-09-2019
03-10-2019,03-10-2019
03-11-2019,03-11-2019
03-12-2019,03-12-2019
04-01-2020,04-01-2020
04-02-2019,04-02-2019
04-02-2020,04-02-2020
04-03-2019,04-03-2019
04-03-2020,04-03-2020
04-04-2019,04-04-2019
04-04-2020,04-04-2020
04-05-2019,04-05-2019
04-05-2020,04-05-2020
04-06-2019,04-06-2019
04-07-2019,04-07-2019
04-08-2019,04-08-2019
04-09-2019,04-09-2019
04-10-2019,04-10-2019
04-11-2019,04-11-2019
04-12-2019,04-12-2019
05-01-2020,05-01-2020
05-02-2019,05-02-2019
05-02-2020,05-02-2020
05-03-2019,05-03-2019
05-03-2020,05-03-2020
05-04-2019,05-04-2019
05-04-2020,05-04-2020
05-05-2019,05-05-2019
05-05-2020,05-05-2020
05-06-2019,05-06-2019
05-07-2019,05-07-2019
05-08-2019,05-08-2019
05-09-2019,05-09-2019
05-10-2019,05-10-2019
05-11-2019,05-11-2019
05-12-2019,05-12-2019
06-01-2020,06-01-2020
06-02-2019,06-02-2019
06-02-2020,06-02-2020
06-03-2019,06-03-2019
06-03-2020,06-03-2020
06-04-2019,06-04-2019
06-04-2020,06-04-2020
06-05-2019,06-05-2019
06-05-2020,06-05-2020
06-06-2019,06-06-2019
06-07-2019,06-07-2019
06-08-2019,06-08-2019
06-09-2019,06-09-2019
06-10-2019,06-10-2019
06-11-2019,06-11-2019
06-12-2019,06-12-2019
07-01-2019,07-01-2019
07-01-2020,07-01-2020
07-02-2019,07-02-2019
07-02-2020,07-02-2020
07-03-2019,07-03-2019
07-03-2020,07-03-2020
07-04-2019,07-04-2019
07-04-2020,07-04-2020
07-05-2019,07-05-2019
07-05-2020,07-05-2020
07-06-2019,07-06-2019
07-07-2019,07-07-2019
07-08-2019,07-08-2019
07-08-2019,07-08-2019
07-09-2019,07-09-2019
07-09-2019,07-09-2019
07-10-2019,07-10-2019
07-10-2019,07-10-2019
07-11-2019,07-11-2019
07-11-2019,07-11-2019
07-12-2019,07-12-2019
07-12-2019,07-12-2019
08-01-2019,08-01-2019
08-01-2020,08-01-2020
08-02-2019,08-02-2019
08-02-2020,08-02-2020
08-03-2019,08-03-2019
08-03-2020,08-03-2020
08-04-2019,08-04-2019
08-04-2020,08-04-2020
08-05-2019,08-05-2019
08-05-2020,08-05-2020
08-06-2019,08-06-2019
08-08-2019,08-08-2019
08-09-2019,08-09-2019
08-10-2019,08-10-2019
08-11-2019,08-11-2019
08-12-2019,08-12-2019
09-01-2019,09-01-2019
09-01-2020,09-01-2020
09-02-2019,09-02-2019
09-02-2020,09-02-2020
09-03-2019,09-03-2019
09-03-2020,09-03-2020
09-04-2019,09-04-2019
09-04-2020,09-04-2020
09-05-2019,09-05-2019
09-05-2020,09-05-2020
09-06-2019,09-06-2019
09-08-2019,09-08-2019
09-09-2019,09-09-2019
09-10-2019,09-10-2019
09-11-2019,09-11-2019
09-12-2019,09-12-2019
10-01-2019,10-01-2019
10-01-2020,10-01-2020
10-02-2019,10-02-2019
10-02-2020,10-02-2020
10-03-2019,10-03-2019
10-03-2020,10-03-2020
10-04-2019,10-04-2019
10-04-2020,10-04-2020
10-05-2019,10-05-2019
10-05-2020,10-05-2020
10-06-2019,10-06-2019
10-08-2019,10-08-2019
10-09-2019,10-09-2019
10-10-2019,10-10-2019
10-11-2019,10-11-2019
10-12-2019,10-12-2019
11-01-2019,11-01-2019
11-01-2020,11-01-2020
11-02-2019,11-02-2019
11-02-2020,11-02-2020
11-03-2019,11-03-2019
11-03-2020,11-03-2020
11-04-2019,11-04-2019
11-04-2020,11-04-2020
11-05-2019,11-05-2019
11-05-2020,11-05-2020
11-06-2019,11-06-2019
11-08-2019,11-08-2019
11-09-2019,11-09-2019
11-10-2019,11-10-2019
11-11-2019,11-11-2019
11-12-2019,11-12-2019
12-01-2019,12-01-2019
12-01-2020,12-01-2020
12-02-2019,12-02-2019
12-02-2020,12-02-2020
12-03-2019,12-03-2019
12-03-2020,12-03-2020
12-04-2019,12-04-2019
12-04-2020,12-04-2020
12-05-2019,12-05-2019
12-05-2020,12-05-2020
12-06-2019,12-06-2019
12-08-2019,12-08-2019
12-09-2019,12-09-2019
12-10-2019,12-10-2019
12-11-2019,12-11-2019
12-12-2019,12-12-2019
